{
  "serial_number": "39e0cf91_b28a_40c7_aacf_6a88a499816d",
  "timestamp": 1486869839.756472,
  "data": {
    "temperature": 23.6992057335,
    "humidity": 82.2004653581
  }
}
